"Import_data";"1C_ID_OBJECT";"1C_ID_DOG";"1C_ID_CONTR";"1C_ID_LOT";"DocID";"DocDescription";"InternalID";"CreationDate";"DocNumber";"KrState";"KrStateID";"CONTRID";"CONTR";"KindID";"KindName";"Name";"ObjectID";"ObjectName";"Lot";"id_Deadline";"Tessa_Teg"
20.05.2026;0feb8a44-a0f4-11ef-af7f-0050560209d5;931e3e30-b0cf-11f0-a55a-005056026d24;4cb920ca-b0cf-11f0-a55a-005056026d24;;f303265b-1b73-4193-9383-7e70f7809b13;№ФПл-3.3 от 14.05.2026 Комплект ИД;№ФПл-3.3;19.05.2026 03:00:00;206;На согласовании;1;ade8f5f2-3e06-4265-a99b-5df28ec3fba3;АЛЬФА С ООО;6b50bbf7-9383-4eb6-8451-7c27e98cf7fe;Комплект ИД;Песчаная подготовка/ Армирование/ Бетонирование фундаментной плиты под резервуары в осях 21 / А-Б;28efbbf0-238e-4144-9871-f3e90c4d2200;Дмитровский I;;02.06.2026 03:00:00;
20.05.2026;0feb8a44-a0f4-11ef-af7f-0050560209d5;931e3e30-b0cf-11f0-a55a-005056026d24;4cb920ca-b0cf-11f0-a55a-005056026d24;;6b87ff7b-255f-48d9-9599-78455970175b;№МК-8 от 14.05.2026 Комплект ИД;№МК-8;19.05.2026 03:00:00;205;Согласован;2;ade8f5f2-3e06-4265-a99b-5df28ec3fba3;АЛЬФА С ООО;6b50bbf7-9383-4eb6-8451-7c27e98cf7fe;Комплект ИД;Монтаж металлоконструкций фахверков в осях 1-7/И;28efbbf0-238e-4144-9871-f3e90c4d2200;Дмитровский I;;02.06.2026 03:00:00;
20.05.2026;0feb8a44-a0f4-11ef-af7f-0050560209d5;931e3e30-b0cf-11f0-a55a-005056026d24;4cb920ca-b0cf-11f0-a55a-005056026d24;;2179945b-5eb1-43e1-8182-d1318e962ad5;№ГидФ-10 от 14.05.2026 Комплект ИД;№ГидФ-10;19.05.2026 03:00:00;204;На согласовании;1;ade8f5f2-3e06-4265-a99b-5df28ec3fba3;АЛЬФА С ООО;6b50bbf7-9383-4eb6-8451-7c27e98cf7fe;Комплект ИД;"Устройство обмазочной гидроизоляции сборного фундамента в два слоя в осях 17/1-18/И-К; 2/3-4/А";28efbbf0-238e-4144-9871-f3e90c4d2200;Дмитровский I;;02.06.2026 03:00:00;
20.05.2026;0feb8a44-a0f4-11ef-af7f-0050560209d5;931e3e30-b0cf-11f0-a55a-005056026d24;4cb920ca-b0cf-11f0-a55a-005056026d24;;7c05a77e-f2ee-49e0-8635-fb61b3c253cc;№Пес-11 от 14.05.2026 Комплект ИД;№Пес-11;19.05.2026 03:00:00;203;На согласовании;1;ade8f5f2-3e06-4265-a99b-5df28ec3fba3;АЛЬФА С ООО;6b50bbf7-9383-4eb6-8451-7c27e98cf7fe;Комплект ИД;Устройство песчаного основания под фундаменты в осях 17/1-18/И-К;28efbbf0-238e-4144-9871-f3e90c4d2200;Дмитровский I;;02.06.2026 03:00:00;
20.05.2026;0feb8a44-a0f4-11ef-af7f-0050560209d5;931e3e30-b0cf-11f0-a55a-005056026d24;4cb920ca-b0cf-11f0-a55a-005056026d24;;afb93b7b-a3ec-4be8-acf5-b36bf4755126;№Ф-11 от 14.05.2026 Комплект ИД;№Ф-11;19.05.2026 03:00:00;202;На согласовании;1;ade8f5f2-3e06-4265-a99b-5df28ec3fba3;АЛЬФА С ООО;6b50bbf7-9383-4eb6-8451-7c27e98cf7fe;Комплект ИД;"Монтаж сборного фундамента в осях 17/1-18/И-К; 2/3-4/А";28efbbf0-238e-4144-9871-f3e90c4d2200;Дмитровский I;;02.06.2026 03:00:00;
20.05.2026;0feb8a44-a0f4-11ef-af7f-0050560209d5;931e3e30-b0cf-11f0-a55a-005056026d24;4cb920ca-b0cf-11f0-a55a-005056026d24;;f7e5f7e1-e853-4c90-bcee-64017ce8d873;№АнтикорЦП-4 от 19.05.2026 Комплект ИД;№АнтикорЦП-4;19.05.2026 03:00:00;201;На согласовании;1;ade8f5f2-3e06-4265-a99b-5df28ec3fba3;АЛЬФА С ООО;6b50bbf7-9383-4eb6-8451-7c27e98cf7fe;Комплект ИД;"Устройство антикоррозийной защиты закладных деталей цокольных панелей в осях; 17-18/1/И-К";28efbbf0-238e-4144-9871-f3e90c4d2200;Дмитровский I;;02.06.2026 03:00:00;
20.05.2026;0feb8a44-a0f4-11ef-af7f-0050560209d5;931e3e30-b0cf-11f0-a55a-005056026d24;4cb920ca-b0cf-11f0-a55a-005056026d24;;9aec9691-6f8e-4ab7-972f-48e4ae434c93;№ГидЦП-4.2 от 14.05.2026 Комплект ИД;№ГидЦП-4.2;19.05.2026 03:00:00;200;На согласовании;1;ade8f5f2-3e06-4265-a99b-5df28ec3fba3;АЛЬФА С ООО;6b50bbf7-9383-4eb6-8451-7c27e98cf7fe;Комплект ИД;Устройство обмазочной гидроизоляции цокольных панелей во второй слой в осях 17-18/1/И-К;28efbbf0-238e-4144-9871-f3e90c4d2200;Дмитровский I;;02.06.2026 03:00:00;
20.05.2026;0feb8a44-a0f4-11ef-af7f-0050560209d5;931e3e30-b0cf-11f0-a55a-005056026d24;4cb920ca-b0cf-11f0-a55a-005056026d24;;86899f7a-8324-4c7f-b9a7-46725bfbd7a8;№ГидЦП-4.1 от 19.05.2026 Комплект ИД;№ГидЦП-4.1;19.05.2026 03:00:00;199;На согласовании;1;ade8f5f2-3e06-4265-a99b-5df28ec3fba3;АЛЬФА С ООО;6b50bbf7-9383-4eb6-8451-7c27e98cf7fe;Комплект ИД;Устройство обмазочной гидроизоляции цокольных панелей в первый слой в осях 17-18/1/И-К;28efbbf0-238e-4144-9871-f3e90c4d2200;Дмитровский I;;02.06.2026 03:00:00;
20.05.2026;0feb8a44-a0f4-11ef-af7f-0050560209d5;931e3e30-b0cf-11f0-a55a-005056026d24;4cb920ca-b0cf-11f0-a55a-005056026d24;;6abe5b34-1587-4a51-89e6-7451f35c8166;№Задел.Ш.ЦП-4 от 14.05.2026 Комплект ИД;№Задел.Ш.ЦП-4;19.05.2026 03:00:00;198;На согласовании;1;ade8f5f2-3e06-4265-a99b-5df28ec3fba3;АЛЬФА С ООО;6b50bbf7-9383-4eb6-8451-7c27e98cf7fe;Комплект ИД;Заделка швов цокольных панелей в осях 17-18/1/И-К;28efbbf0-238e-4144-9871-f3e90c4d2200;Дмитровский I;;02.06.2026 03:00:00;
20.05.2026;0feb8a44-a0f4-11ef-af7f-0050560209d5;931e3e30-b0cf-11f0-a55a-005056026d24;4cb920ca-b0cf-11f0-a55a-005056026d24;;55f60935-cce6-494e-9b37-bb6b08e125f6;№ЦП-4 от 14.05.2026 Комплект ИД;№ЦП-4;18.05.2026 03:00:00;197;На согласовании;1;ade8f5f2-3e06-4265-a99b-5df28ec3fba3;АЛЬФА С ООО;6b50bbf7-9383-4eb6-8451-7c27e98cf7fe;Комплект ИД;Монтаж цокольных панелей в осях 17-18/1/И-К;28efbbf0-238e-4144-9871-f3e90c4d2200;Дмитровский I;;01.06.2026 03:00:00;
20.05.2026;0feb8a44-a0f4-11ef-af7f-0050560209d5;931e3e30-b0cf-11f0-a55a-005056026d24;4cb920ca-b0cf-11f0-a55a-005056026d24;;f5ef36fe-27c6-472e-a6eb-7472819ee882;№ДоклПес-2 от 07.05.2026 Комплект ИД;№ДоклПес-2;12.05.2026 03:00:00;196;На доработке;4;ade8f5f2-3e06-4265-a99b-5df28ec3fba3;АЛЬФА С ООО;6b50bbf7-9383-4eb6-8451-7c27e98cf7fe;Комплект ИД;"Устройство песчаного основания фундамента ДК-1 в осях 1-1/1/И; 9/3-10/И; 10-10/1/И; 11/3-12/И; 12-12/1/И; 13/3-14/И; 15-15/1/И; 16/3-17/И; 18/3-19/И; 19-19/1/И; 20/3-21/И";28efbbf0-238e-4144-9871-f3e90c4d2200;Дмитровский I;;26.05.2026 03:00:00;
20.05.2026;0feb8a44-a0f4-11ef-af7f-0050560209d5;931e3e30-b0cf-11f0-a55a-005056026d24;4cb920ca-b0cf-11f0-a55a-005056026d24;;a0f40482-5eaf-4dfd-af22-bd282ae81b8d;№АнтикорДокл-1 от 07.05.2026 Комплект ИД;№АнтикорДокл-1;12.05.2026 03:00:00;195;На согласовании;1;ade8f5f2-3e06-4265-a99b-5df28ec3fba3;АЛЬФА С ООО;6b50bbf7-9383-4eb6-8451-7c27e98cf7fe;Комплект ИД;"Устройство антикоррозийной защиты закладных деталей цокольных доклевеллеров в осях 1-1/1/И; 9/3-10/И; 10-10/1/И; 11/3-12/И; 12-12/1/И; 13/3-14/И; 15-15/1/И; 16/3-17/И; 18/3-19/И; 19-19/1/И; 20/3-21/И";28efbbf0-238e-4144-9871-f3e90c4d2200;Дмитровский I;;26.05.2026 03:00:00;
20.05.2026;0feb8a44-a0f4-11ef-af7f-0050560209d5;931e3e30-b0cf-11f0-a55a-005056026d24;4cb920ca-b0cf-11f0-a55a-005056026d24;;c13f5610-92f7-46b8-9ff8-471b938e2eb5;№АнтикорЦП-3 от 07.05.2026 Комплект ИД;№АнтикорЦП-3;12.05.2026 03:00:00;194;Согласован;2;ade8f5f2-3e06-4265-a99b-5df28ec3fba3;АЛЬФА С ООО;6b50bbf7-9383-4eb6-8451-7c27e98cf7fe;Комплект ИД;"Устройство антикоррозийной защиты закладных деталей цокольных панелей в осях 13/2-17/И-К; 18/1-21/Ж/1-К; 20/3-21/А-Б";28efbbf0-238e-4144-9871-f3e90c4d2200;Дмитровский I;;26.05.2026 03:00:00;
20.05.2026;0feb8a44-a0f4-11ef-af7f-0050560209d5;931e3e30-b0cf-11f0-a55a-005056026d24;4cb920ca-b0cf-11f0-a55a-005056026d24;;112cc605-fa9a-4c37-a131-d88f2ac84e9f;№ГидЦП-3.2 от 12.05.2026 Комплект ИД;№ГидЦП-3.2;12.05.2026 03:00:00;193;На доработке;4;ade8f5f2-3e06-4265-a99b-5df28ec3fba3;АЛЬФА С ООО;6b50bbf7-9383-4eb6-8451-7c27e98cf7fe;Комплект ИД;"Устройство обмазочной гидроизоляции цокольных панелей во второй слой в осях 13/2-17/И-К; 18/1-21/Ж/1-К; 20/3-21/А-Б";28efbbf0-238e-4144-9871-f3e90c4d2200;Дмитровский I;;26.05.2026 03:00:00;
20.05.2026;0feb8a44-a0f4-11ef-af7f-0050560209d5;931e3e30-b0cf-11f0-a55a-005056026d24;4cb920ca-b0cf-11f0-a55a-005056026d24;;c7ca9b69-8a2e-4268-8410-ded4b3214812;№ГидЦП-3.1 от 07.05.2026 Комплект ИД;№ГидЦП-3.1;12.05.2026 03:00:00;192;На доработке;4;ade8f5f2-3e06-4265-a99b-5df28ec3fba3;АЛЬФА С ООО;6b50bbf7-9383-4eb6-8451-7c27e98cf7fe;Комплект ИД;"Устройство обмазочной гидроизоляции цокольных панелей в первый слой в осях 13/2-17/И-К; 18/1-21/Ж/1-К; 20/3-21/А-Б";28efbbf0-238e-4144-9871-f3e90c4d2200;Дмитровский I;;26.05.2026 03:00:00;
20.05.2026;0feb8a44-a0f4-11ef-af7f-0050560209d5;931e3e30-b0cf-11f0-a55a-005056026d24;4cb920ca-b0cf-11f0-a55a-005056026d24;;d48e46b1-398c-4a05-8d8b-4c26f40a7451;№Задел.Ш.ЦП-3 от 07.05.2026 Комплект ИД;№Задел.Ш.ЦП-3;12.05.2026 03:00:00;191;На доработке;4;ade8f5f2-3e06-4265-a99b-5df28ec3fba3;АЛЬФА С ООО;6b50bbf7-9383-4eb6-8451-7c27e98cf7fe;Комплект ИД;"Заделка швов цокольных панелей в осях 13/2-17/И-К; 18/1-21/Ж/1-К; 20/3-21/А-Б";28efbbf0-238e-4144-9871-f3e90c4d2200;Дмитровский I;;26.05.2026 03:00:00;
20.05.2026;0feb8a44-a0f4-11ef-af7f-0050560209d5;931e3e30-b0cf-11f0-a55a-005056026d24;4cb920ca-b0cf-11f0-a55a-005056026d24;;e0836b6e-05c9-45ca-8c6f-bbbc930cb075;№АнтикорЦП-3 от 07.05.2026 Комплект ИД;№АнтикорЦП-3;12.05.2026 03:00:00;190;Согласован;2;ade8f5f2-3e06-4265-a99b-5df28ec3fba3;АЛЬФА С ООО;6b50bbf7-9383-4eb6-8451-7c27e98cf7fe;Комплект ИД;"Устройство антикоррозийной защиты закладных деталей цокольных панелей в осях 13/2-17/И-К; 18/1-21/Ж/1-К; 20/3-21/А-Б";28efbbf0-238e-4144-9871-f3e90c4d2200;Дмитровский I;;26.05.2026 03:00:00;
20.05.2026;0feb8a44-a0f4-11ef-af7f-0050560209d5;931e3e30-b0cf-11f0-a55a-005056026d24;4cb920ca-b0cf-11f0-a55a-005056026d24;;7027d0ea-164d-4162-ba81-037564e5928b;№ЦП-3 от 07.05.2026 Комплект ИД;№ЦП-3;12.05.2026 03:00:00;189;На доработке;4;ade8f5f2-3e06-4265-a99b-5df28ec3fba3;АЛЬФА С ООО;6b50bbf7-9383-4eb6-8451-7c27e98cf7fe;Комплект ИД;"Монтаж цокольных панелей в осях 13/2-17/И-К; 18/1-21/Ж/1-К; 20/3-21/А-Б";28efbbf0-238e-4144-9871-f3e90c4d2200;Дмитровский I;;26.05.2026 03:00:00;
20.05.2026;0feb8a44-a0f4-11ef-af7f-0050560209d5;931e3e30-b0cf-11f0-a55a-005056026d24;4cb920ca-b0cf-11f0-a55a-005056026d24;;6aef1752-2998-4e08-84e1-8981208aa4f5;№АнтикорДокл-1 от 07.05.2026 Комплект ИД;№АнтикорДокл-1;12.05.2026 03:00:00;188;Согласован;2;ade8f5f2-3e06-4265-a99b-5df28ec3fba3;АЛЬФА С ООО;6b50bbf7-9383-4eb6-8451-7c27e98cf7fe;Комплект ИД;"Устройство антикоррозийной защиты закладных деталей цокольных доклевеллеров в осях 1-1/1/И; 9/3-10/И; 10-10/1/И; 11/3-12/И; 12-12/1/И; 13/3-14/И; 15-15/1/И; 16/3-17/И; 18/3-19/И; 19-19/1/И; 20/3-21/И";28efbbf0-238e-4144-9871-f3e90c4d2200;Дмитровский I;;26.05.2026 03:00:00;
20.05.2026;0feb8a44-a0f4-11ef-af7f-0050560209d5;931e3e30-b0cf-11f0-a55a-005056026d24;4cb920ca-b0cf-11f0-a55a-005056026d24;;60f9ee4e-21c7-497b-af16-21216b5bb4e1;№ГидДокл-2.2 от 07.05.2026 Комплект ИД;№ГидДокл-2.2;12.05.2026 03:00:00;187;На согласовании;1;ade8f5f2-3e06-4265-a99b-5df28ec3fba3;АЛЬФА С ООО;6b50bbf7-9383-4eb6-8451-7c27e98cf7fe;Комплект ИД;"Устройство обмазочной гидроизоляции доклевеллеров во второй слой в осях 1-1/1/И; 9/3-10/И; 10-10/1/И; 11/3-12/И; 12-12/1/И; 13/3-14/И; 15-15/1/И; 16/3-17/И; 18/3-19/И; 19-19/1/И; 20/3-21/И";28efbbf0-238e-4144-9871-f3e90c4d2200;Дмитровский I;;26.05.2026 03:00:00;
